INSERT INTO Creation (id, name, writer, genre, year_of_publ) VALUES
(1, 'Война и мир', 'Лев Толстой', 'Роман', 1869),
(2, 'Анна Каренина', 'Лев Толстой', 'Роман', 1877),
(3, 'Преступление и наказание', 'Фёдор Достоевский', 'Роман', 1866),
(4, 'Идиот', 'Фёдор Достоевский', 'Роман', 1869),
(5, 'Евгений Онегин', 'Александр Пушкин', 'Роман в стихах', 1833),
(6, 'Мёртвые души', 'Николай Гоголь', 'Поэма', 1842),
(7, 'Ревизор', 'Николай Гоголь', 'Комедия', 1836),
(8, 'Отцы и дети', 'Иван Тургенев', 'Роман', 1862),
(9, 'Герой нашего времени', 'Михаил Лермонтов', 'Роман', 1840),
(10, 'Мастер и Маргарита', 'Михаил Булгаков', 'Роман', 1967),
(11, 'Собачье сердце', 'Михаил Булгаков', 'Повесть', 1925),
(12, 'Двенадцать стульев', 'Илья Ильф, Евгений Петров', 'Роман', 1928),
(13, 'Золотой телёнок', 'Илья Ильф, Евгений Петров', 'Роман', 1931),
(14, 'Тихий Дон', 'Михаил Шолохов', 'Роман', 1940),
(15, 'Доктор Живаго', 'Борис Пастернак', 'Роман', 1957),
(16, 'Архипелаг ГУЛАГ', 'Александр Солженицын', 'Художественно-документальная проза', 1973),
(17, 'Один день Ивана Денисовича', 'Александр Солженицын', 'Повесть', 1962),
(18, 'Пётр Первый', 'Алексей Толстой', 'Роман', 1945),
(19, 'Аэлита', 'Алексей Толстой', 'Научная фантастика', 1923),
(20, 'Мы', 'Евгений Замятин', 'Антиутопия', 1924),
(21, '1984', 'Джордж Оруэлл', 'Антиутопия', 1949),
(22, 'Скотный двор', 'Джордж Оруэлл', 'Сатира', 1945),
(23, 'Улисс', 'Джеймс Джойс', 'Модернизм', 1922),
(24, 'Великий Гэтсби', 'Фрэнсис Скотт Фицджеральд', 'Роман', 1925),
(25, 'Над пропастью во ржи', 'Джером Сэлинджер', 'Роман', 1951),
(26, 'Убить пересмешника', 'Харпер Ли', 'Роман', 1960),
(27, 'Гордость и предубеждение', 'Джейн Остин', 'Роман', 1813),
(28, 'Джейн Эйр', 'Шарлотта Бронте', 'Роман', 1847),
(29, 'Грозовой перевал', 'Эмили Бронте', 'Роман', 1847),
(30, 'Моби Дик', 'Герман Мелвилл', 'Роман', 1851),
(31, 'Приключения Гекльберри Финна', 'Марк Твен', 'Роман', 1884),
(32, 'Приключения Тома Сойера', 'Марк Твен', 'Роман', 1876),
(33, 'Маленькие женщины', 'Луиза Мэй Олкотт', 'Роман', 1868),
(34, 'Алиса в Стране чудес', 'Льюис Кэрролл', 'Сказка', 1865),
(35, 'Алиса в Зазеркалье', 'Льюис Кэрролл', 'Сказка', 1871),
(36, 'Остров сокровищ', 'Роберт Льюис Стивенсон', 'Приключения', 1883),
(37, 'Странная история доктора Джекила и мистера Хайда', 'Роберт Льюис Стивенсон', 'Новелла', 1886),
(38, 'Дракула', 'Брэм Стокер', 'Готический роман', 1897),
(39, 'Франкенштейн', 'Мэри Шелли', 'Готический роман', 1818),
(40, 'Шерлок Холмс', 'Артур Конан Дойл', 'Детектив', 1887),
(41, 'Три мушкетёра', 'Александр Дюма', 'Приключения', 1844),
(42, 'Граф Монте-Кристо', 'Александр Дюма', 'Приключения', 1844),
(43, 'Отверженные', 'Виктор Гюго', 'Роман', 1862),
(44, 'Собор Парижской Богоматери', 'Виктор Гюго', 'Роман', 1831),
(45, 'Маленький принц', 'Антуан де Сент-Экзюпери', 'Сказка', 1943),
(46, 'Три товарища', 'Эрих Мария Ремарк', 'Роман', 1936),
(47, 'На Западном фронте без перемен', 'Эрих Мария Ремарк', 'Роман', 1929),
(48, 'Сто лет одиночества', 'Габриэль Гарсиа Маркес', 'Роман', 1967),
(49, 'Лолита', 'Владимир Набоков', 'Роман', 1955),
(50, 'Приглашение на казнь', 'Владимир Набоков', 'Роман', 1938),
(51, 'Фауст', 'Иоганн Вольфганг Гёте', 'Трагедия', 1808),
(52, 'Превращение', 'Франц Кафка', 'Повесть', 1915),
(53, 'Процесс', 'Франц Кафка', 'Роман', 1925),
(54, 'Замок', 'Франц Кафка', 'Роман', 1926),
(55, 'Илиада', 'Гомер', 'Эпос', -800),
(56, 'Одиссея', 'Гомер', 'Эпос', -800),
(57, 'Божественная комедия', 'Данте Алигьери', 'Поэма', 1321),
(58, 'Декамерон', 'Джованни Боккаччо', 'Новеллы', 1353),
(59, 'Кентерберийские рассказы', 'Джеффри Чосер', 'Поэзия', 1400),
(60, 'Дон Кихот', 'Мигель де Сервантес', 'Роман', 1605),
(61, 'Ромео и Джульетта', 'Уильям Шекспир', 'Трагедия', 1597),
(62, 'Гамлет', 'Уильям Шекспир', 'Трагедия', 1603),
(63, 'Отелло', 'Уильям Шекспир', 'Трагедия', 1604),
(64, 'Король Лир', 'Уильям Шекспир', 'Трагедия', 1606),
(65, 'Макбет', 'Уильям Шекспир', 'Трагедия', 1623),
(66, 'Властелин колец', 'Дж. Р. Р. Толкин', 'Фэнтези', 1954),
(67, 'Хоббит', 'Дж. Р. Р. Толкин', 'Фэнтези', 1937),
(68, 'Гарри Поттер и философский камень', 'Дж. К. Роулинг', 'Фэнтези', 1997),
(69, 'Гарри Поттер и Тайная комната', 'Дж. К. Роулинг', 'Фэнтези', 1998),
(70, 'Гарри Поттер и узник Азкабана', 'Дж. К. Роулинг', 'Фэнтези', 1999),
(71, 'Гарри Поттер и Кубок огня', 'Дж. К. Роулинг', 'Фэнтези', 2000),
(72, 'Гарри Поттер и Орден Феникса', 'Дж. К. Роулинг', 'Фэнтези', 2003),
(73, 'Гарри Поттер и Принц-полукровка', 'Дж. К. Роулинг', 'Фэнтези', 2005),
(74, 'Гарри Поттер и Дары Смерти', 'Дж. К. Роулинг', 'Фэнтези', 2007),
(75, 'Игра престолов', 'Джордж Р. Р. Мартин', 'Фэнтези', 1996),
(76, 'Битва королей', 'Джордж Р. Р. Мартин', 'Фэнтези', 1998),
(77, 'Буря мечей', 'Джордж Р. Р. Мартин', 'Фэнтези', 2000),
(78, 'Пир стервятников', 'Джордж Р. Р. Мартин', 'Фэнтези', 2005),
(79, 'Танец с драконами', 'Джордж Р. Р. Мартин', 'Фэнтези', 2011),
(80, '451 градус по Фаренгейту', 'Рэй Брэдбери', 'Антиутопия', 1953),
(81, 'Марсианские хроники', 'Рэй Брэдбери', 'Научная фантастика', 1950),
(82, '451 градус по Фаренгейту', 'Рэй Брэдбери', 'Антиутопия', 1953),
(83, 'Я, робот', 'Айзек Азимов', 'Научная фантастика', 1950),
(84, 'Основание', 'Айзек Азимов', 'Научная фантастика', 1951),
(85, 'Космическая одиссея 2001 года', 'Артур Кларк', 'Научная фантастика', 1968),
(86, 'Конец детства', 'Артур Кларк', 'Научная фантастика', 1953),
(87, 'Дюна', 'Фрэнк Герберт', 'Научная фантастика', 1965),
(88, 'Мечтают ли андроиды об электроовцах?', 'Филип К. Дик', 'Научная фантастика', 1968),
(89, 'Человек в высоком замке', 'Филип К. Дик', 'Альтернативная история', 1962),
(90, 'Нейромант', 'Уильям Гибсон', 'Киберпанк', 1984),
(91, 'Американский психопат', 'Брет Истон Эллис', 'Психологический триллер', 1991),
(92, 'Бойцовский клуб', 'Чак Паланик', 'Роман', 1996),
(93, 'Парфюмер', 'Патрик Зюскинд', 'Роман', 1985),
(94, 'Тень ветра', 'Карлос Руис Сафон', 'Роман', 2001),
(95, 'Алхимик', 'Пауло Коэльо', 'Роман', 1988),
(96, 'Код да Винчи', 'Дэн Браун', 'Детектив', 2003),
(97, 'Ангелы и демоны', 'Дэн Браун', 'Детектив', 2000),
(98, 'Инферно', 'Дэн Браун', 'Детектив', 2013),
(99, 'Милые кости', 'Элис Сиболд', 'Роман', 2002),
(100, 'Голодные игры', 'Сьюзен Коллинз', 'Антиутопия', 2008),
(101, 'И вспыхнет пламя', 'Сьюзен Коллинз', 'Антиутопия', 2009),
(102, 'Сойка-пересмешница', 'Сьюзен Коллинз', 'Антиутопия', 2010),
(103, 'Сумерки', 'Стефани Майер', 'Роман', 2005),
(104, 'Новолуние', 'Стефани Майер', 'Роман', 2006),
(105, 'Затмение', 'Стефани Майер', 'Роман', 2007),
(106, 'Рассвет', 'Стефани Майер', 'Роман', 2008),
(107, '50 оттенков серого', 'Э. Л. Джеймс', 'Роман', 2011),
(108, 'Девушка с татуировкой дракона', 'Стиг Ларссон', 'Детектив', 2005),
(109, 'Девушка, которая играла с огнём', 'Стиг Ларссон', 'Детектив', 2006),
(110, 'Девушка, которая взрывала воздушные замки', 'Стиг Ларссон', 'Детектив', 2007);


-- Вставляем данные в таблицу Book (20 книг)
INSERT INTO Book (id, year_of_publ, publ_house, lang, condit, status) VALUES
(1, 2010, 'Эксмо', 'Русский', 'PERFECT', 'FREE'),
(2, 2015, 'АСТ', 'Русский', 'HAS_FLAWS', 'BOOKED'),
(3, 2008, 'Азбука', 'Русский', 'DAMAGED', 'OUT'),
(4, 2018, 'Penguin Classics', 'Английский', 'PERFECT', 'FREE'),
(5, 2005, 'Фолио', 'Украинский', 'HAS_FLAWS', 'FREE'),
(6, 2012, 'Амфора', 'Русский', 'PERFECT', 'BOOKED'),
(7, 2020, 'Махаон', 'Русский', 'PERFECT', 'FREE'),
(8, 2017, 'Лениздат', 'Русский', 'DAMAGED', 'OUT'),
(9, 2019, 'Книжный клуб', 'Русский', 'HAS_FLAWS', 'FREE'),
(10, 2016, 'Эксмо', 'Русский', 'PERFECT', 'BOOKED'),
(11, 2014, 'АСТ', 'Русский', 'PERFECT', 'FREE'),
(12, 2011, 'Азбука', 'Русский', 'HAS_FLAWS', 'OUT'),
(13, 2013, 'Penguin', 'Английский', 'PERFECT', 'FREE'),
(14, 2009, 'Фолио', 'Украинский', 'DAMAGED', 'BOOKED'),
(15, 2018, 'Амфора', 'Русский', 'PERFECT', 'FREE'),
(16, 2021, 'Махаон', 'Русский', 'PERFECT', 'BOOKED'),
(17, 2015, 'Лениздат', 'Русский', 'HAS_FLAWS', 'OUT'),
(18, 2017, 'Книжный клуб', 'Русский', 'PERFECT', 'FREE'),
(19, 2020, 'Эксмо', 'Русский', 'PERFECT', 'BOOKED'),
(20, 2019, 'АСТ', 'Русский', 'DAMAGED', 'FREE'),
(21, 2007, 'АСТ', 'Русский', 'PERFECT', 'FREE'),
(22, 2016, 'Эксмо', 'Русский', 'HAS_FLAWS', 'BOOKED'),
(23, 2019, 'Азбука', 'Русский', 'PERFECT', 'OUT'),
(24, 2014, 'Penguin Classics', 'Английский', 'DAMAGED', 'FREE'),
(25, 2011, 'Фолио', 'Украинский', 'PERFECT', 'FREE'),
(26, 2018, 'Амфора', 'Русский', 'HAS_FLAWS', 'BOOKED'),
(27, 2022, 'Махаон', 'Русский', 'PERFECT', 'FREE'),
(28, 2015, 'Лениздат', 'Русский', 'PERFECT', 'OUT'),
(29, 2020, 'Книжный клуб', 'Русский', 'DAMAGED', 'FREE'),
(30, 2017, 'Эксмо', 'Русский', 'PERFECT', 'BOOKED'),
(31, 2013, 'АСТ', 'Русский', 'HAS_FLAWS', 'FREE'),
(32, 2010, 'Азбука', 'Русский', 'PERFECT', 'OUT'),
(33, 2015, 'Penguin', 'Английский', 'PERFECT', 'FREE'),
(34, 2009, 'Фолио', 'Украинский', 'DAMAGED', 'BOOKED'),
(35, 2016, 'Амфора', 'Русский', 'PERFECT', 'FREE'),
(36, 2021, 'Махаон', 'Русский', 'HAS_FLAWS', 'BOOKED'),
(37, 2014, 'Лениздат', 'Русский', 'PERFECT', 'OUT'),
(38, 2018, 'Книжный клуб', 'Русский', 'PERFECT', 'FREE'),
(39, 2019, 'Эксмо', 'Русский', 'DAMAGED', 'BOOKED'),
(40, 2020, 'АСТ', 'Русский', 'PERFECT', 'FREE'),
(41, 2008, 'Азбука', 'Русский', 'HAS_FLAWS', 'OUT'),
(42, 2017, 'Penguin Classics', 'Английский', 'PERFECT', 'FREE'),
(43, 2012, 'Фолио', 'Украинский', 'PERFECT', 'BOOKED'),
(44, 2019, 'Амфора', 'Русский', 'DAMAGED', 'FREE'),
(45, 2016, 'Махаон', 'Русский', 'PERFECT', 'BOOKED'),
(46, 2013, 'Лениздат', 'Русский', 'HAS_FLAWS', 'OUT'),
(47, 2018, 'Книжный клуб', 'Русский', 'PERFECT', 'FREE'),
(48, 2021, 'Эксмо', 'Русский', 'PERFECT', 'BOOKED'),
(49, 2015, 'АСТ', 'Русский', 'DAMAGED', 'FREE'),
(50, 2020, 'Азбука', 'Русский', 'PERFECT', 'OUT');

-- Связываем книги с произведениями (каждая книга содержит 1-3 произведения)
INSERT INTO Book_Creation (Book_id, Creation_id) VALUES
(1, 1),   -- Война и мир
(1, 2),   -- + Анна Каренина
(2, 3),   -- Преступление и наказание
(3, 4),   -- Идиот
(4, 5),   -- Евгений Онегин
(5, 6),   -- Мёртвые души
(5, 7),   -- + Ревизор
(6, 8),   -- Отцы и дети
(7, 9),   -- Герой нашего времени
(8, 10),  -- Мастер и Маргарита
(9, 11),  -- Собачье сердце
(9, 12),  -- + Двенадцать стульев
(10, 13), -- Золотой телёнок
(11, 14), -- Тихий Дон
(12, 15), -- Доктор Живаго
(12, 16), -- + Архипелаг ГУЛАГ
(13, 17), -- Один день Ивана Денисовича
(14, 18), -- Пётр Первый
(14, 19), -- + Аэлита
(15, 20), -- Мы
(15, 21), -- + 1984
(16, 22), -- Скотный двор
(17, 23), -- Улисс
(18, 24), -- Великий Гэтсби
(18, 25), -- + Над пропастью во ржи
(19, 26), -- Убить пересмешника
(20, 27), -- Гордость и предубеждение
(20, 28), -- + Джейн Эйр
(20, 29), -- + Грозовой перевал
(21, 30),  -- Моби Дик
(21, 31),  -- + Приключения Гекльберри Финна
(22, 32),  -- Приключения Тома Сойера
(23, 33),  -- Маленькие женщины
(24, 34),  -- Алиса в Стране чудес
(24, 35),  -- + Алиса в Зазеркалье
(25, 36),  -- Остров сокровищ
(26, 37),  -- Доктор Джекил и мистер Хайд
(27, 38),  -- Дракула
(28, 39),  -- Франкенштейн
(29, 40),  -- Шерлок Холмс (сборник)
(29, 41),  -- + Три мушкетёра
(30, 42),  -- Граф Монте-Кристо
(31, 43),  -- Отверженные
(32, 44),  -- Собор Парижской Богоматери
(33, 45),  -- Маленький принц
(34, 46),  -- Три товарища
(35, 47),  -- На Западном фронте без перемен
(36, 48),  -- Сто лет одиночества
(37, 49),  -- Лолита
(38, 50),  -- Приглашение на казнь
(39, 51),  -- Фауст
(40, 52),  -- Превращение
(40, 53),  -- + Процесс
(41, 54),  -- Замок
(42, 55),  -- Илиада
(43, 56),  -- Одиссея
(44, 57),  -- Божественная комедия
(45, 58),  -- Декамерон
(46, 59),  -- Кентерберийские рассказы
(47, 60),  -- Дон Кихот
(48, 61),  -- Ромео и Джульетта
(48, 62),  -- + Гамлет
(49, 63),  -- Отелло
(49, 64),  -- + Король Лир
(50, 65),  -- Макбет
(50, 66),  -- + Властелин колец
(50, 67);  -- + Хоббит


-- Вставляем данные в таблицу Booking (30 бронирований)
INSERT INTO Booking (id, type, status, user_id) VALUES
(1, 'TAKE', 'COMPLETED', 1),
(2, 'GIVE', 'COMPLETED', 2),
(3, 'TAKE', 'IN_TRANSIT', 3),
(4, 'TAKE', 'DELIVERY_READY', 4),
(5, 'GIVE', 'CREATED', 5),
(6, 'TAKE', 'COMPLETED', 6),
(7, 'GIVE', 'IN_TRANSIT', 7),
(8, 'TAKE', 'DELIVERY_READY', 8),
(9, 'TAKE', 'COMPLETED', 9),
(10, 'GIVE', 'COMPLETED', 10),
(11, 'TAKE', 'CREATED', 11),
(12, 'GIVE', 'IN_TRANSIT', 12),
(13, 'TAKE', 'DELIVERY_READY', 13),
(14, 'GIVE', 'COMPLETED', 14),
(15, 'TAKE', 'COMPLETED', 15),
(16, 'GIVE', 'CREATED', 16),
(17, 'TAKE', 'IN_TRANSIT', 17),
(18, 'GIVE', 'DELIVERY_READY', 18),
(19, 'TAKE', 'COMPLETED', 19),
(20, 'GIVE', 'COMPLETED', 20),
(21, 'TAKE', 'CREATED', 1),
(22, 'GIVE', 'IN_TRANSIT', 2),
(23, 'TAKE', 'DELIVERY_READY', 3),
(24, 'GIVE', 'COMPLETED', 4),
(25, 'TAKE', 'COMPLETED', 5),
(26, 'GIVE', 'CREATED', 6),
(27, 'TAKE', 'IN_TRANSIT', 7),
(28, 'GIVE', 'DELIVERY_READY', 8),
(29, 'TAKE', 'COMPLETED', 9),
(30, 'GIVE', 'COMPLETED', 10);

-- Связываем бронирования с книгами (каждое бронирование содержит 1-3 книги)
INSERT INTO Booking_Book (Booking_id, Book_id) VALUES
-- Бронирования на взятие книг (TAKE)
(1, 3), (1, 5),   -- 2 книги
(3, 7),
(4, 9), (4, 11), (4, 13),  -- 3 книги
(6, 15),
(8, 17), (8, 19),
(9, 21),
(11, 23), (11, 25),
(13, 27),
(15, 29), (15, 31), (15, 33),
(17, 35),
(19, 37), (19, 39),
(21, 41),
(23, 43), (23, 45),
(25, 47),
(27, 49),
(29, 2), (29, 4),

-- Бронирования на возврат книг (GIVE)
(2, 1),
(5, 6), (5, 8),
(7, 10), (7, 12), (7, 14),
(10, 16),
(12, 18), (12, 20),
(14, 22),
(16, 24), (16, 26),
(18, 28),
(20, 30), (20, 32), (20, 34),
(22, 36),
(24, 38), (24, 40),
(26, 42),
(28, 44), (28, 46),
(30, 48), (30, 50);